id	GSM2254708_Control_Control	GSM2254709_Control_Control	GSM2254710_Control_Control	GSM2254711_Control_Control	GSM2254712_Control_Control	GSM2254713_Control_Control	GSM2254714_Control_Control	GSM2254715_Control_Control	GSM2254716_Control_Control	GSM2254717_Control_Control	GSM2254718_Control_Control	GSM2254719_Control_Control	GSM2254720_Control_Control	GSM2254721_Control_Control	GSM2254722_Control_Control	GSM2254723_Control_Control	GSM2254724_Control_Control	GSM2254725_Control_Control	GSM2254726_Control_Control	GSM2254727_Control_Control	GSM2254728_Control_Control	GSM2254729_Control_Control	GSM2254730_Control_Control	GSM2254731_Treat_Treat	GSM2254732_Treat_Treat	GSM2254733_Treat_Treat	GSM2254734_Treat_Treat	GSM2254735_Treat_Treat	GSM2254736_Treat_Treat	GSM2254737_Treat_Treat	GSM2254738_Treat_Treat	GSM2254739_Treat_Treat	GSM2254740_Treat_Treat	GSM2254741_Treat_Treat	GSM2254742_Treat_Treat	GSM2254743_Treat_Treat	GSM2254744_Treat_Treat	GSM2254745_Treat_Treat	GSM2254746_Treat_Treat	GSM2254747_Treat_Treat	GSM2254748_Treat_Treat	GSM2254749_Treat_Treat	GSM2254750_Treat_Treat	GSM2254751_Treat_Treat	GSM2254752_Treat_Treat	GSM2254753_Treat_Treat	GSM2254754_Treat_Treat	GSM2254755_Treat_Treat	GSM2254756_Treat_Treat	GSM2254757_Treat_Treat	GSM2254758_Treat_Treat	GSM2254759_Treat_Treat	GSM2254760_Treat_Treat
COA4	0	0	0	0	0	0	1.229442	2.2266143	2.2163093	0	0	0	2.1688987	2.8295072	1.9263258	0	1.0022838	1.7117207	0	1.358909	0.0676408	0	0	4.474238	4.552067	5.0914179	4.9708261	3.881083	3.963055	2.622865	2.714741	6.30629686	0.01886792	5.3223562	4.706356	5.0142099	2.724156	2.707039	6.187818	6.051394	5.073954	4.894898	4.48236563	4.03188434	4.62231018	4.61226225	3.835452	5.370959	1.2973772	1.6556162	0.8003514	0.8213981	5.226594
POLE4	0	0	0.03773585	0	0	0	4.018269	4.1719291	4.2141998	0	0	0	1.880829	3.1958973	1.747612	1.824695	0.8057363	0.7766757	0	0	0.0676408	2.007119	0	6.136909	6.180014	5.7473028	5.8041418	4.972307	5.322356	5.818145	5.888125	0.03773585	5.1698468	5.1824003	6.335909	6.1260885	6.487768	5.35162	6.609594	6.553679	6.4982	6.630948	4.21488897	5.92982005	5.0656411	5.1885553	4.071423	4.883778	2.7856595	3.6438913	0	0	6.791825
SLC30A7	3.9242678	0.18084835	1.2294424	4.014558	3.732891	4.28287	6.898266	6.5772974	6.7426316	4.334634	4.166261	4.534552	5.4270976	5.292825	5.0834113	5.538502	5.7941356	5.3611129	6.071798	5.281526	0.0676408	0	2.251342	0	0	1.2973772	1.7494351	0	0	0	1.056476	0.03773585	0.01886792	2.044994	0	1.4545371	0	0	0	0	0	0	1.2850739	0.10858278	0.03773585	0.03773585	3.835452	4.309039	3.0891864	1.955804	0	0.5718044	0
MRPL24	0	0	0	0	0	0	3.529358	1.9132129	3.0713036	0	0	0	5.4270976	5.5867252	5.8318901	0	0	0	1.138242	0	0.0676408	0	0	5.830419	5.165743	5.5911172	5.6530697	5.440955	5.226303	5.030946	4.832129	5.14993179	4.77510314	6.202431	5.221715	5.1710627	7.374748	4.568439	4.212224	4.414803	5.215618	5.250566	3.95520251	3.73709111	5.12065693	5.27621713	4.37119	3.85308	0	0	4.9363394	5.2062059	5.473136
ERG	5.0828365	7.12869753	5.38892163	5.608896	5.188555	5.189556	5.387604	5.1943079	5.3761052	6.399868	6.409992	6.123338	5.3346859	5.2477833	5.1818158	2.885117	1.4001951	1.890065	2.271068	2.604344	0.0676408	6.097257	6.459665	0	0	1.890065	2.051285	0	0	0	1.056476	0.03773585	0.01886792	3.7869141	0	1.6641246	5.159913	0	0	0	2.507317	2.003484	0	0	0.03773585	0.03773585	0	0	5.0360851	5.1275948	0	0.8213981	2.158473
C7orf50	1.825905	2.13500529	0.2107533	0	0	0	4.954817	4.9602263	5.1163386	0	0	0	4.8721265	5.292825	5.5311383	0	0	0	0	0	0.0676408	0	0	5.847762	5.595655	5.6753774	5.6375579	5.055417	5.087416	4.20241	3.977721	0.03773585	6.17681135	6.6718688	6.001356	5.5047864	4.846651	4.568439	5.217677	5.226303	6.922354	6.838363	5.98111501	5.9983129	7.0805554	7.23685567	4.37119	5.229699	4.5931028	3.6438913	2.3800648	2.3713345	6.695026
ZNF32	0	0	0	0	0	0	2.202104	1.637141	3.2614412	0	2.30465	0	2.69667	3.538951	4.0916748	0	0.8057363	1.7117207	0	0	0.0676408	0	0	5.510244	5.138069	5.2443444	5.1532216	2.560926	2.002592	5.322231	5.1372	4.83808152	5.0480361	5.3494725	5.100367	5.3921329	4.577453	5.437886	0	0	4.548361	2.356388	2.25134198	1.16757964	4.6067369	4.99423605	5.913886	6.069636	4.9296585	5.3012112	2.3800648	2.3713345	2.725146
AIFM1	0	0	0	4.594874	4.064234	3.917534	1.229442	2.529106	2.2163093	0	0	0	2.1688987	1.9998795	1.4584526	1.824695	2.2390844	1.890065	0	0	0.0676408	0	0	3.272521	4.002204	4.7209338	4.5617217	5.19131	5.07541	2.851282	2.78566	0.03773585	0.01886792	4.8161554	4.226574	4.3987782	4.014076	4.053626	5.922113	5.395203	5.12701	5.226594	3.95520251	3.73709111	4.52560551	4.67719414	5.117575	4.309039	2.3102245	2.3046499	5.1663368	5.0093279	5.257729
C6orf48	0	0	0	0	0	0	1.229442	2.529106	1.8889065	4.218081	4.657479	5.03534	5.2388204	5.2028038	5.2641484	2.885117	2.3586978	1.890065	0	0	0.0676408	5.965287	4.994236	6.495746	6.589114	5.8890036	5.8285541	5.256401	5.087416	3.661727	3.021943	5.93827456	6.46105608	6.4846225	6.446766	5.9433206	6.083664	3.021943	6.138871	6.070282	6.190716	6.322481	5.30367141	5.2821568	5.51881977	5.73071344	5.818145	5.628327	5.3486666	5.4488582	2.9152152	4.3924242	6.138606
LRRC59	0	0.07867783	1.2294424	0	0	0	0	2.2266143	1.6101491	0	0	0	0	0.6911569	0	2.175654	2.9251106	1.890065	0	0	0.0676408	0	0	3.766203	3.578789	1.9872052	1.4837226	4.107145	2.221734	4.973262	4.225848	0.03773585	4.8200015	0.7808717	4.117748	2.529106	6.370858	3.737625	3.219066	3.454859	2.60969	3.861894	7.12869753	6.66406979	6.53289712	6.41455273	0	0	4.94414	5.0950381	1.6660706	3.7202907	4.314564
VTI1A	0	0.07867783	0	5.350273	5.067931	5.279975	3.095177	3.0706476	3.2614412	2.562291	2.860763	3.323369	5.2874777	4.6168583	3.8457704	4.894898	5.0937887	4.0536258	7.122872	5.583311	0.0676408	6.097257	6.340702	0	0	0	0	2.745502	2.221734	1.794483	1.056476	0.03773585	0.01886792	0.6031587	0	0	0	0	0	3.454859	0	0	2.5410376	2.22661425	0.03773585	0.03773585	0	0	1.6956066	1.890065	1.6660706	2.3713345	0
POLR3GL	0	0	0	0	0	0	1.229442	2.3634857	3.0713036	2.330202	2.25726	2.327522	4.8721265	5.3795727	5.4970717	0	0	0	0	0	7.1278482	2.007119	2.604344	6.072875	5.873294	4.0233424	3.878263	4.414406	3.323369	5.181334	5.395934	6.69015261	7.58781545	5.7584647	5.542321	4.3019048	3.931943	5.437886	4.644874	4.293711	4.698784	4.424144	1.82590498	2.55485203	4.62231018	5.31912284	5.697172	5.976392	3.8738468	4.2120367	4.0628676	5.3221053	4.976658
ZFYVE1	0.4731475	0.70478831	0.03773585	4.31185	4.908185	4.581451	2.202104	2.655444	2.8499542	4.293711	3.763609	4.091675	1.2612431	1.7944826	2.2163093	6.213355	5.9544221	5.6159192	5.106757	5.529342	0.0676408	3.922437	3.5365	3.103008	0	1.9872052	1.2355165	0	0	1.794483	0	0.03773585	0.01886792	4.0536258	0	1.4545371	0	0	0	0	0	0	0	0	0.03773585	0.03773585	0	0	0	0	2.2163093	1.9263258	0
TMEM54	1.825905	0.07867783	0.10858278	0	0	0	0	0.8213981	1.6101491	0	0	0	0	0	0	0	0	0	0	0	0.0676408	0	0	5.283613	5.110992	2.7129846	2.4107539	2.38406	2.106948	2.216309	2.4565	4.92743969	0.01886792	0.8177633	5.032134	3.7662033	4.618194	2.624743	0	0	5.393718	5.525197	2.25134198	1.74810701	6.34944599	6.3972187	6.163379	5.370959	1.1600338	2.4120202	0	0	5.545538
AAK1	6.6404248	4.93916666	5.9048654	4.107145	4.650024	4.45393	3.732673	3.9445381	3.538951	4.424144	4.030636	4.534552	3.6899406	4.4823656	4.0916748	5.198432	5.3548612	5.2486544	7.153303	6.761386	0.0676408	6.138606	6.715465	0	0	0	0	0	0	5.160345	4.759552	5.39242405	0.01886792	4.270029	0	0	0	4.878967	0	0	1.297377	1.428329	2.99735057	5.85232134	0.03773585	0.03773585	0	0	1.1382424	0	4.2132121	1.9263258	1.631856
LSM4	0	0	0	0	0	0	4.092958	3.7202907	3.8878628	2.135005	2.488939	2.117093	1.2612431	2.5954017	1.747612	1.824695	0.8057363	2.2600307	0	0	0.0676408	6.924389	6.868983	6.072875	5.503822	5.8154406	5.5107088	5.856182	5.226303	5.761474	5.997554	0.03773585	4.92743969	5.1824003	5.957904	5.7299543	4.26263	5.71797	3.711979	0	6.348849	6.296841	5.92016768	6.1313212	4.37054917	4.60326035	4.37119	5.370959	5.1669485	4.8207112	5.2290189	4.9347328	5.881424
BOD1	1.825905	0.03773585	0.72729105	0	0	0	3.095177	2.838849	3.2614412	0	2.130809	0	4.2875813	4.9043292	4.0916748	2.175654	2.0612947	1.7117207	0	0	5.6469285	0	0	4.869623	4.552067	4.9687264	4.9917521	5.532033	5.299876	6.320947	6.513413	0.03773585	6.72640421	3.3836285	4.960467	5.0826774	4.906396	6.625242	5.095038	5.169847	1.890065	2.646235	4.21488897	4.29790441	5.24851184	5.33848246	4.071423	4.63529	3.9797394	4.1531893	5.1663368	4.6952751	1.815761
DYNLL2	0	0	0	6.026574	5.741739	5.831308	2.606361	2.838849	2.6593393	5.295791	5.302541	5.095879	2.3302015	3.538951	4.2196256	5.062841	3.211735	1.890065	0	0	0.0676408	0	0	5.485443	5.778289	5.0914179	4.933628	6.08065	6.198866	6.357806	6.146515	5.46619661	5.94174728	5.0082144	5.542321	4.6780349	3.853816	5.914592	6.061896	5.628125	4.027389	3.786914	6.57344549	6.78100609	5.02339791	4.99423605	6.867355	6.63894	6.1924761	6.304798	5.9588723	5.2634175	4.681585
TMEM261	0.4731475	2.84129499	1.2294424	0	0	0	3.529358	2.529106	3.7909776	5.149932	5.497072	5.062841	4.1544102	4.0527024	3.8457704	4.331627	2.69667	3.2652372	0	0	0.0676408	2.007119	0	6.730787	6.560378	6.1548801	6.1305155	5.591923	5.707868	6.110242	5.732101	7.78318452	5.81759461	6.5063857	6.528542	5.6295866	7.270193	5.839236	3.981508	3.803291	6.204811	5.322356	0.07867783	0.81574605	4.70635571	4.81189223	5.404406	5.884401	5.7297034	5.2644472	5.8320759	4.8387885	5.855891
TNKS	1.825905	4.93916666	4.38069472	5.760034	5.075716	5.495908	5.860799	5.7553778	6.0471888	4.000876	4.712962	4.688156	1.880829	3.538951	3.3404825	5.441934	5.5877931	5.5239075	6.591184	6.809736	0.0676408	5.259307	5.977147	5.935786	5.797408	0.8750563	1.2355165	3.101251	4.846651	0.960575	1.056476	0.03773585	0.01886792	5.4525381	5.441934	1.4545371	0	0	0	0	0	0	0.22962123	0.16198042	0.03773585	0.03773585	0	0	2.2600307	2.4569067	2.6167909	2.3713345	0
GUCY1A3	8.1002843	7.42242114	8.01869964	3.802555	4.014558	4.031884	5.212589	5.2163349	5.1840746	2.971072	3.96937	4.053176	3.4009337	4.0527024	4.3297489	5.198432	5.3548612	5.1182647	5.342799	3.862309	0.0676408	6.602756	6.386476	0	0	3.9870867	4.1670071	5.462423	5.43945	0	0	0.03773585	0.01886792	1.269074	0	4.4829988	0	0	0	0	0	0	5.21172408	4.58501457	0.03773585	0.03773585	0	0	1.2397126	1.2863402	4.2132121	4.3924242	0
MMAB	0	0	0	4.594874	4.953564	4.526498	4.954817	5.2296989	4.9296585	2.047089	2.044004	2.147737	0.8213981	1.7944826	1.0022838	0	1.1558377	0.8483574	0	0	0.0676408	2.518931	0	6.777354	6.868585	5.6753774	5.3905031	5.807678	5.957145	4.295651	4.148976	5.29987647	6.80531889	5.6888423	6.649535	5.5450048	4.952793	3.908455	5.493659	5.531787	5.24056	5.06137	4.21488897	3.73709111	4.79783057	5.06389719	4.071423	0	5.0544417	4.9857977	0.5004076	2.6063611	5.355257
FDX1	0	0	0	0	0	0	2.606361	2.655444	2.8499542	0	0	0	4.1544102	4.3086835	3.3404825	0	0	0	0	0	0.0676408	0	0	5.069655	5.227802	5.3913502	5.2998765	3.193416	2.255503	2.78566	3.977721	0.03773585	4.99016459	4.5621951	5.479573	5.8346537	4.618194	3.737625	4.996634	5.237255	3.744653	3.861894	5.30367141	6.18458796	0.03773585	0.03773585	0	0	5.3771074	5.3585476	6.5551037	5.7712029	3.487557
MLH1	0	0	0	0	0	0	1.229442	0.8213981	2.6593393	0	0	0	2.3302015	1.2079183	2.2163093	1.824695	0	0	0	0	0.0676408	0	0	5.619939	5.428778	5.1867418	5.1109923	4.107145	4.561264	3.924696	4.404312	0.03773585	0.01886792	0.3645647	4.923943	4.8012678	2.651778	4.37119	4.095462	4.204672	0	0	6.87799178	6.23038856	5.36569849	5.80290652	0	0	4.7480845	4.6073701	4.838502	5.2062059	0
RHBDD2	0	0	0	0	0	0	3.095177	3.5232308	3.0713036	5.085808	4.819639	4.688156	5.7750903	5.6698784	5.8318901	0	1.8748676	2.5283601	0	0	0.0676408	0	0	6.198866	6.180014	4.1385779	4.8621909	6.641439	6.595255	6.069866	6.173619	6.18167427	6.17681135	4.3086835	5.957904	4.9496036	5.367122	5.669878	6.874511	6.973682	5.877776	5.393718	0	0	6.2778732	6.50638569	5.913886	5.073271	4.94414	4.5568748	5.1663368	4.0642341	5.382353
WDR19	0	4.47747669	3.84152571	6.125278	6.142646	6.161671	5.166949	5.0178953	5.4219943	3.198765	2.38406	3.54336	4.2875813	5.4252845	4.9655336	4.331627	3.211735	3.7119793	5.612427	3.989423	0.0676408	0	0	0	0	1.890065	2.2572601	0	0	0.960575	0	0.03773585	0.01886792	2.2021035	0	1.9132129	5.295919	0	0	0	0	0	0.90076512	0.56684151	0.03773585	0.03773585	0	0	1.637141	1.0118715	3.7091113	4.9347328	0
S100A16	0	0	0	4.720934	4.014558	4.135808	3.84412	3.6617274	4.2141998	3.925912	4.314564	3.905387	5.4661966	5.4944227	5.0272265	6.147073	4.8454398	4.8139206	0	0	6.2039017	2.929102	2.251342	6.749673	6.740586	5.6475318	5.9791223	5.972842	5.982839	6.281667	6.237843	4.99220972	7.07930466	6.1902983	6.659151	5.5283399	6.64847	6.148792	5.530796	5.805233	6.837553	7.118118	7.71924301	7.06768186	6.54855509	6.45913987	6.478	6.63894	5.0544417	4.6433588	3.3596192	2.9251106	6.834628
URB2	6.2192804	6.17218387	6.46105608	4.107145	3.929848	4.62167	0	1.637141	0.6141958	3.851226	2.69667	2.90532	1.2612431	1.0510906	1.4584526	0	2.9251106	2.3713345	2.604038	2.526757	0.0676408	5.447129	6.088624	0	0	0	0	0	0	0	0	0.03773585	0.01886792	2.3563885	0	0	2.900996	0	0	0	0	0	2.5410376	4.03188434	0.03773585	0.03773585	0	0	0	0	0	0	0
TEAD3	1.825905	0.03773585	0.03773585	0	0	0	0	0	0	0	0	0	0	0	0	0	1.0022838	0.7766757	0	0	0.0676408	0	0	5.018567	4.801268	0	0	1.666071	1.701728	0	1.825905	6.34859445	0.01886792	0.3645647	5.221715	0	3.744653	0	4.688156	4.638306	3.330833	3.861894	3.95520251	5.08455763	5.6501563	5.96502803	0	0	3.0891864	2.7683166	4.0628676	4.6952751	4.681585
LSM14A	1.825905	0.18084835	0.03773585	0	0	0	5.016952	5.3707636	5.2941745	5.521293	5.52834	5.680732	5.2388204	5.02893	5.460774	0	0	0	4.962164	5.072587	0.0676408	0	0	5.485443	5.138069	5.8652904	5.7451952	6.620104	6.725782	6.148066	6.015856	5.24813456	6.2407579	6.2624015	5.221715	5.8513263	4.906396	6.511947	6.230625	6.285312	4.826484	4.030636	5.30367141	5.2821568	5.89899503	5.60872049	3.835452	3.630253	5.6341252	5.5096332	6.3303161	5.8403102	5.127185
HIST1H1C	0	0	0	3.5365	3.206834	3.453531	3.732673	3.9445381	3.9625779	4.334634	3.569952	3.949973	2.69667	2.5954017	3.3404825	0	0	0	0	1.358909	6.2039017	2.351839	2.251342	5.79553	5.852831	5.0914179	5.1669485	3.502576	2.611707	1.794483	1.825905	5.76003439	5.39104926	6.9096667	5.813149	5.1710627	6.069135	0	6.985986	7.0224	5.350273	5.112342	7.00653611	7.09958789	5.50678267	5.54586597	6.610058	5.884401	5.1368794	5.3012112	5.8320759	5.8052328	4.62042
CERS2	0.4731475	0.70478831	0.72729105	0	0	0	5.212589	4.8118922	5.0353403	5.923928	5.949572	5.909909	6.1811391	6.0845219	6.1283041	4.018269	4.9240783	5.2486544	0	0	0.0676408	2.007119	0	5.103934	3.714885	5.7955303	5.4323994	5.48483	5.360569	5.71278	5.906758	6.2795314	6.85807889	6.786655	4.308683	5.768373	4.846651	5.583311	6.655716	6.45746	6.427738	6.677595	7.54771041	7.92248316	6.16243192	6.46424394	7.123874	7.016272	5.121925	5.2438887	6.6419809	6.7028323	6.565034
CACNA2D4	3.9242678	5.75707828	2.76117257	3.502277	3.328816	3.418027	0	0	0	5.699857	5.815639	5.497072	0	0	0	4.64879	4.0606753	4.8139206	2.124923	3.717588	0.0676408	5.760034	4.053626	0	0	0.727291	0.6714513	0	0	0	2.239084	0.03773585	0.01886792	4.2031166	0	0.4354116	0	0	0	0	0	0	0.12745071	2.55485203	0.03773585	0.03773585	0	0	0.8483574	0	0	0	0
PLOD2	0	0	0	0	2.901685	0	4.211011	4.894898	4.6487902	0	0	0	6.9957117	7.1786852	6.877079	4.331627	5.9035406	5.0169523	0	0	5.9635662	7.438429	7.565336	4.962164	4.688156	6.5216937	6.673059	7.030164	7.055654	6.334223	6.224384	5.53203267	7.15738333	6.2923279	4.706356	6.4793182	6.94551	6.148792	6.270109	6.261207	6.91022	7.170513	6.33031612	6.23038856	6.69015261	6.79661273	6.610058	6.700681	7.888862	7.7607031	6.9450476	6.7521452	7.075302
ZHX1	1.825905	1.18547529	0.2107533	0	0	0	3.84412	3.8725187	4.0273893	5.395203	5.25783	5.847364	5.9861213	5.8389873	5.9284476	0	1.0022838	1.4921652	1.955804	2.699707	0.0676408	0	0	4.769124	4.801268	6.6304435	6.6901526	6.755108	6.631626	6.254447	6.251499	7.25359268	6.21368517	5.6888423	4.226574	6.4609052	6.755912	6.27284	0	0	5.372561	5.700263	5.21172408	5.52663562	5.68603922	6.16391562	5.117575	5.073271	6.321443	6.3389161	6.1092599	6.2105529	5.788776
PHB2	0	0.18084835	0.72729105	5.234774	5.609008	5.432065	5.251143	5.4644829	5.1163386	4.637829	5.095038	4.534552	7.0952675	7.1934135	7.2414823	6.519947	6.4908117	6.5707917	0	0	0.0676408	0	0	7.139315	7.162076	6.8765721	6.7850044	6.399606	6.375846	7.030164	6.899764	5.90815662	6.48776758	7.6904423	7.264951	6.6306239	5.855315	6.979573	7.925999	7.873537	7.387596	7.274836	7.25326939	7.41732367	6.56127566	6.70386763	5.404406	5.976392	6.9822323	6.9306908	6.6134276	6.5903417	7.170513
GOSR1	9.9266197	10.24542859	10.15029194	5.12701	5.075716	4.911517	4.304196	4.2788198	4.1967215	5.149932	5.497072	5.392133	5.1913103	5.2028038	4.3297489	5.198432	5.1853203	5.3611129	8.016585	8.4546	8.1029011	6.374267	7.376639	0	0	4.9687264	4.8351464	0	0	5.322231	5.256189	4.85757227	5.10598425	1.1025036	0	4.6301912	0	4.958285	0	0	1.824695	2.003484	6.80224482	6.35631972	0.03773585	0.03773585	4.939408	5.073271	1.2973772	2.2042823	5.8792454	4.0642341	1.670927
ECSIT	0	0	0	0	0	0	0	0.8213981	2.3563885	0	0	0	3.8738468	1.7944826	2.2163093	0	0	0	0	0	0.0676408	4.472808	5.65307	4.869623	3.647807	4.1385779	4.2122244	1.911034	1.749435	3.924696	3.258542	4.75156123	4.18480588	5.9092475	4.706356	4.8012678	0	3.908455	7.185274	7.290003	5.215618	4.990854	0.07867783	4.03188434	0.03773585	0.03773585	4.939408	3.630253	2.5410376	2.5283601	2.6167909	4.6952751	4.936339
SAP18	1.825905	0.18084835	0.72729105	5.537624	6.338916	6.351962	3.952669	3.9008868	3.9822184	4.503399	3.6801	3.732891	6.9628307	6.6994591	6.9028408	4.018269	6.1923218	6.004925	0	0	0.0676408	0	2.251342	6.917822	6.958403	7.1003434	7.2141532	6.409468	6.356925	6.725782	6.824158	6.59073233	6.01440848	7.0223996	6.887127	7.0034114	5.395442	6.816036	7.405705	7.566838	6.413288	6.412639	6.23964216	6.57522612	7.68528088	7.80575431	4.37119	4.309039	6.6590905	6.8580789	3.3596192	4.2265742	6.573445
GABBR1	6.2192804	7.12869753	6.1034099	4.846651	4.521429	4.865471	4.211011	4.4348489	4.4154351	0	0	0	4.8721265	4.9043292	5.1318344	5.909909	4.415741	5.0169523	0	0	0.0676408	2.007119	0	0	0	1.1258898	0.7047883	0	0	0	0	0.03773585	0.01886792	3.672955	0	1.4545371	2.792395	0	0	0	0	0	2.99735057	3.12259861	0.03773585	0.03773585	0	0	1.2397126	1.890065	0.8003514	0	0
SNX8	3.9242678	0.70478831	0.72729105	0	0	0	1.229442	0.8213981	2.3563885	0	0	0	2.69667	3.7746736	1.747612	4.018269	4.0606753	2.9271323	0	0	0.0676408	2.007119	0	3.911038	3.782194	4.6176205	4.3086835	0	0	5.393718	5.256189	0.03773585	6.08485085	5.9635662	4.875081	4.0696459	3.62055	5.254969	6.101912	6.03451	5.372561	5.768105	5.21172408	5.36665133	5.37957266	5.02722653	0	0	3.4660577	2.6721331	5.2290189	5.2634175	5.637558
PRDM10	5.0828365	6.17218387	6.28856333	0	0	0	4.954817	4.6022779	5.2762171	5.320804	5.217227	5.03534	3.4009337	2.5954017	4.2196256	0	1.8748676	1.2079183	1.138242	0	0.0676408	5.06937	5.768105	0	0	1.0564755	1.1082107	0	0	0	0	0.03773585	0.01886792	0.9453419	0	1.6641246	4.769644	0	0	0	0	0	0.90076512	3.12259861	0.03773585	0.03773585	0	0	0	0	1.6660706	0.8213981	0
NEDD4L	7.0092798	6.67273539	7.18062991	5.502966	5.126612	5.206767	4.577453	4.3711897	4.2937106	2.971072	4.030636	3.949973	5.0154037	5.4252845	5.587562	2.430579	4.1794995	3.9445381	7.435509	6.625919	0.0676408	6.602756	6.274965	4.394374	4.894898	3.1123943	2.8406058	0	0	3.319244	3.021943	0.03773585	4.09167485	3.3836285	4.226574	3.4516526	0	4.674478	0	0	3.744653	3.539615	4.21488897	5.2821568	0.03773585	0.03773585	0	0	2.713863	2.7215613	1.1025036	0.8213981	3.487557
SIVA1	0	0	0	0	0	0	2.202104	1.1600338	2.3563885	0	0	0	5.0828365	5.7218795	5.2236295	4.331627	4.7209338	4.0536258	0	0	0.0676408	5.760034	6.238841	3.103008	3.647807	5.5911172	5.097342	5.695691	5.532278	5.294656	5.015109	0.03773585	0.01886792	6.4160448	4.117748	5.3691944	5.481675	5.093127	5.889004	5.515135	7.302383	7.183371	4.68542185	3.12259861	6.53289712	6.38154991	4.37119	5.485443	5.314321	4.9857977	6.4966039	6.4324087	7.082099
NDUFA2	0	0	0	6.415211	6.187818	6.285814	5.473733	5.2925174	5.5098402	4.424144	3.839157	4.577453	6.0988777	5.6698784	6.1283041	4.64879	3.7316887	4.0536258	0	0	0.0676408	0	0	6.947602	6.930691	6.4056225	6.3361532	6.336987	6.198866	5.846156	5.448257	5.02722653	4.11142646	6.9685861	6.980375	6.2527246	5.07541	5.299876	6.22305	6.328215	7.248567	7.327341	5.30367141	5.2821568	5.58672516	5.98495692	6.987659	6.819389	5.2934997	5.5412927	5.9195109	5.8052328	7.200525
HCFC1R1	0	0.07867783	0.10858278	0	0	0	4.577453	5.2296989	5.0914179	0	0	0	2.69667	2.8295072	1.747612	2.175654	1.4001951	0.8483574	2.353596	0	0.0676408	0	0	0	0	5.0914179	4.6725576	3.767485	3.963055	5.322231	5.282157	6.59073233	6.10032372	2.2710677	0	4.9122536	4.014076	5.391651	4.212224	4.31067	6.386005	6.380166	0	0	4.83945849	4.96241495	4.071423	4.63529	5.4970717	5.3494725	4.5819463	4.3924242	6.405492
NEDD8	0	0.03773585	0	5.913886	5.986121	6.253828	5.212589	5.377636	5.1657428	0	0	0	6.2574975	5.1499318	6.4067712	5.198432	4.9240783	5.1669485	5.427098	0	0.0676408	2.007119	3.17092	6.039736	6.180014	6.4384975	6.3855339	6.059189	6.23929	6.570524	6.631626	5.46619661	6.52595369	6.3221424	5.912753	6.4344582	6.054139	6.682386	6.278824	6.285312	6.551317	6.476009	6.84323148	6.91260793	6.48859139	6.71283243	6.083664	6.287561	5.3908252	5.4488582	4.6952751	2.3713345	6.528078
MAU2	5.7352318	5.75707828	6.46105608	5.997392	5.644159	5.761474	4.304196	4.6315429	4.6854218	5.521293	5.732101	5.887046	5.3346859	5.5867252	5.0272265	6.147073	5.9544221	5.8525763	3.872519	3.717588	0.0676408	0	0	0	0	4.8767297	4.4541444	2.38406	1.819792	5.203354	5.1372	0.03773585	4.69023992	4.9343172	0	4.7129622	0	5.437886	0	0	0	0	1.2850739	1.16757964	0.03773585	0.03773585	0	0	2.3776963	2.4120202	0	0	0
PEX2	3.9242678	0.18084835	0.10858278	0	0	0	2.202104	3.0706476	3.6250495	4.637829	4.56626	4.962757	5.0828365	3.9213696	5.3872592	2.430579	3.211735	2.3713345	0	0	0.0676408	0	0	5.830419	5.227802	5.5555287	5.3406048	4.992667	4.608003	5.652682	5.592565	0.03773585	4.18480588	5.3494725	5.032134	5.5047864	5.115783	5.583311	6.160096	6.253501	6.608348	6.713988	0	0	6.06878864	6.07287527	3.835452	4.883778	5.8285541	5.8378771	4.838502	4.5858522	6.691575
MRPL20	0	0.03773585	0	5.164934	5.221715	5.138069	6.497065	6.5216937	6.2760662	2.103742	2.130809	2.202104	5.2388204	3.1958973	4.2196256	0	0.6824884	0.7766757	1.138242	0	0.0676408	0	0	7.461697	7.598381	6.2515847	6.2309927	5.48483	5.350273	6.641439	6.77655	0.03773585	7.3042347	6.1684139	7.374748	6.0415971	6.160958	6.731626	6.08127	6.253501	7.088646	7.100343	1.82590498	2.55485203	4.4279084	0.03773585	7.173248	6.879638	5.4970717	5.4728296	5.6747569	5.2634175	7.104274
ATHL1	6.6404248	7.87146195	6.76237059	4.594874	4.862191	4.652014	4.954817	4.9274397	4.3297489	6.129654	6.114886	6.096331	4.6744785	3.9213696	3.9719861	4.64879	4.415741	3.9445381	0	0	6.8937835	6.245276	6.715465	4.769124	4.064695	1.748107	1.820617	5.256401	4.677194	0	0	0.03773585	0.01886792	2.554852	3.747605	2.1162284	0	0	3.925509	3.84918	0	0	2.25134198	0.16198042	5.40116382	5.31912284	0	0	2.6593393	2.5283601	2.3800648	4.2265742	0
FMR1	0	0	0	0	0	0	1.229442	2.529106	3.538951	0	0	0	1.2612431	2.5954017	1.4584526	0	0	0	0	0	0.0676408	0	0	4.474238	4.720934	2.5622913	3.2725213	5.291769	5.257065	4.609433	3.825339	0.03773585	0.01886792	3.672955	3.747605	2.7856595	0	4.053626	3.539615	0	0	0	1.82590498	2.22661425	5.96356618	5.80290652	3.835452	0	6.0841929	6.2921624	6.1486338	6.7028323	0
MRPS12	0.4731475	0.03773585	0.03773585	5.091418	5.206206	5.348667	2.606361	2.655444	2.3563885	0	0	0	2.1688987	2.8295072	1.1600338	0	0.6824884	0.7766757	0	0	0.0676408	0	0	5.433982	5.981616	3.9333976	3.7130066	1.874868	1.640776	5.203354	5.375871	4.89171942	0.01886792	2.4569067	5.663243	4.0002355	5.759169	5.154226	5.805981	5.887422	5.350273	5.455197	3.62614219	4.96216406	4.83945849	4.99423605	0	0	4.3772638	4.9489986	1.1025036	2.9251106	5.420474
FAM149A	0	0	0	0	0	0	2.202104	1.1600338	1.1615055	0	0	0	0	0	0	0	0.5668415	1.2079183	1.229442	0	5.7440642	4.297079	5.178732	3.84918	3.947575	4.1791188	3.7746736	1.310614	0	5.71278	5.774504	0.03773585	0.01886792	3.3836285	4.998142	4.3019048	0	5.583311	4.780574	5.037508	5.372561	4.990854	1.82590498	1.16757964	5.2742951	5.09629741	4.939408	5.786813	2.713863	3.5787887	2.3800648	3.3945214	5.497072
MYO7A	7.334544	8.38583283	7.31883924	0	0	0	2.606361	2.3634857	2.5283601	2.562291	3.569952	2.554852	0.5810847	0	0.4542795	5.198432	2.9251106	2.3713345	5.967729	2.699707	0.0676408	5.760034	5.178732	0	0	0.5718044	0.5718044	0	0	0.960575	0	0.03773585	0.01886792	2.4569067	0	0.4354116	0	0	0	0	0	0	1.2850739	0.10858278	0.03773585	0.03773585	0	0	1.6956066	1.2355165	2.9152152	1.7135381	0
MAST3	0.4731475	5.44700655	2.76117257	3.950223	3.805934	4.7054	5.918992	5.5388187	5.5328187	6.274965	6.491589	6.368529	4.5858522	4.6168583	3.9719861	5.997554	5.8313834	5.3219443	3.413283	2.840606	0.0676408	6.333946	6.386476	3.766203	3.782194	1.2973772	1.3129827	0	0	4.002204	4.301905	5.17304821	0.01886792	4.7506717	3.84918	1.6641246	0	4.2142	5.294656	5.260683	1.297377	1.565488	2.25134198	0.81574605	0.03773585	0.03773585	0	0	0	0	2.2163093	1.4013536	1.462368
FAT4	7.0092798	5.44700655	5.16694852	5.502966	5.921757	5.801612	3.732673	1.637141	1.8889065	5.179966	5.110087	5.095879	4.1544102	3.538951	3.6438913	2.885117	2.529106	2.6917269	0	0	0.0676408	6.420324	7.326561	0	0	4.0233424	3.8415257	0	0	0	0	5.43173082	0.01886792	2.044994	0	4.2265742	0	0	0	0	0	0	0.12745071	0.56684151	0.03773585	0.03773585	4.37119	5.229699	1.4283288	1.4458686	1.1025036	0	0
RARS	0	0	0	0	0	0	3.095177	3.2190664	3.6250495	0	0	0	4.7753575	4.4823656	4.8084879	5.321783	5.2271027	5.5239075	3.413283	3.717588	0.0676408	0	0	4.064234	0	5.4204739	5.8156393	3.713007	4.316317	4.973262	5.086966	7.34186905	4.9582846	5.2487969	0	5.9433206	7.018448	3.021943	3.495162	3.733716	4.698784	4.688444	5.39242405	5.92982005	5.50678267	5.80290652	6.680616	6.503438	6.5119468	6.6638867	4.2132121	4.0642341	4.681585
BNIP3	6.2192804	4.47747669	4.87896665	0	0	0	3.988687	4.0527024	4.000876	0	0	0	6.0988777	6.4837909	6.0105796	4.018269	4.5691646	4.6305041	1.138242	0	6.498753	5.166643	5.178732	7.077701	7.021128	6.4574603	6.2465497	6.729616	6.637838	5.108635	5.448257	6.96106791	5.14043732	7.0164387	6.833931	6.3583138	6.069135	5.093127	6.399345	6.490624	6.766223	6.650836	1.82590498	1.16757964	7.14073363	7.03751066	6.544356	6.819389	6.9464531	6.7752068	6.2677837	6.5325503	6.59995
ZNF706	3.9242678	5.20889793	4.38069472	0	0	0	4.388382	4.0921288	4.7077794	3.445147	3.96937	3.986415	3.4009337	2.2435569	2.7147414	5.198432	4.9832033	4.9011052	0	0	0.0676408	0	0	4.247621	4.209827	5.5555287	5.8041418	5.245567	5.815838	4.973262	4.516772	0.03773585	0.01886792	4.2031166	4.428669	5.5871259	6.098878	4.958285	6.278824	6.502306	6.668837	6.818513	6.19216758	6.57522612	6.08576082	5.68081429	6.680616	6.977155	6.6646988	6.642217	4.5819463	4.8387885	6.912085
SNAPIN	0	0	0	0	0	0	2.606361	2.529106	2.8499542	2.200256	2.196941	2.327522	4.0022041	3.7746736	4.2196256	0	0	0	0	0	0.0676408	0	2.251342	0	0	5.9085321	5.6953157	4.959985	4.677194	5.955312	6.056452	0.03773585	0.01886792	5.0082144	0	5.4812171	0	5.987069	5.320804	5.169847	5.916583	5.829788	2.25134198	1.74810701	4.56489354	5.09629741	5.117575	5.884401	5.7297034	5.7746986	3.7091113	4.5858522	6.050593
COX5B	0	0	0	6.694839	6.877079	6.781784	5.580838	5.5388187	5.9652869	6.70766	6.598855	6.629348	6.4644866	6.7667784	6.5007771	3.635162	3.7316887	3.5364998	0	0	5.680917	5.356117	4.9017	7.175665	7.192544	7.1116304	7.0499082	6.988487	6.990348	7.129883	7.296465	8.36143647	7.07930466	7.898042	7.386663	7.0726122	7.637521	7.084198	7.049169	7.060855	8.142175	8.098083	5.7955303	6.27461695	6.06878864	5.96502803	6.544356	6.503438	6.7991505	6.8414902	6.4190269	6.1123594	8.038289
F13A1	5.7352318	5.20889793	5.9048654	0	0	0	4.092958	4.1719291	4.270029	5.823105	5.779111	5.887046	5.1404373	3.9213696	3.8457704	4.331627	5.1404373	5.6892579	0	0	0.0676408	0	0	5.619939	5.503822	6.9678	7.0347307	5.995441	5.858833	5.955312	5.552722	0.03773585	4.25362864	6.1142219	5.479573	6.9592128	8.183635	5.839236	5.849361	5.425968	5.905348	5.938563	3.62614219	4.58501457	7.64863949	7.46169745	7.549668	7.804167	7.7954614	7.9418267	7.6804493	7.8041672	5.881424
ABI3BP	5.7352318	7.27518511	6.46105608	0	3.382816	0	6.723277	6.4628471	6.7649074	0	0	0	0.5810847	0.4274116	0	0	0	0	0	0	0.0676408	0	0	4.474238	4.280801	5.3671224	5.3671224	4.661524	4.316317	6.083971	5.933313	0.03773585	0.01886792	2.554852	3.925509	5.0826774	6.267784	5.878833	6.319404	6.477244	5.75828	5.700263	5.21172408	4.78656124	6.45279689	6.50638569	5.913886	6.570524	5.44347	5.4817656	6.0374926	6.3854021	5.881424
ECD	0.4731475	0	0.03773585	3.502277	3.844945	4.178091	6.036977	5.3502728	6.1507619	5.052937	4.56626	4.209827	5.3791694	4.6168583	5.0834113	2.430579	3.5262773	1.890065	6.071798	6.51268	0.0676408	0	0	0	0	1.665003	2.5502575	0	0	0	0	5.39242405	0.01886792	0.1808483	0	1.8096812	0	0	0	0	0	0	0.07867783	0.16198042	0.03773585	0.03773585	0	0	1.4283288	1.110228	3.9099267	5.0093279	0
STXBP5	8.9982268	8.38583283	7.44722766	5.389139	5.7052	5.479573	4.954817	4.2110113	4.6223102	0	0	0	3.6899406	2.8295072	3.0090281	5.062841	5.1853203	5.3219443	7.557382	7.397148	0.0676408	5.356117	5.523824	0	0	4.544395	3.0713036	0	0	1.794483	2.36028	0.03773585	0.01886792	0.2296212	0	3.2572757	2.792395	0	0	0	0	0	2.25134198	5.08455763	0.03773585	0.03773585	0	0	1.637141	1.890065	6.3303161	6.6445823	0
PDPR	8.726945	6.50751819	6.62010401	4.31185	4.577453	3.917534	6.22921	5.6529271	5.9367027	4.830605	4.772918	5.322231	3.0219432	2.5954017	2.529106	0	1.670927	0	5.299514	5.33594	0.0676408	0	0	0	0	0.8003514	0.8422833	0	0	2.343956	1.825905	0.03773585	0.01886792	1.8860385	0	1.0510906	0	0	0	0	0	0	0.22962123	0.10858278	0.03773585	0.03773585	3.5365	3.323369	4.8508558	4.9043292	2.9152152	1.9263258	0
RPS27L	0	0	0	5.792762	6.029391	5.841956	5.918992	6.4628471	5.8191975	2.507317	2.62676	3.795453	5.5059497	3.7746736	5.5311383	5.198432	4.0606753	5.3611129	0	0	0.0676408	0	0	6.233221	6.372973	7.2606584	7.1176144	7.019857	6.914692	4.40149	3.405452	6.36270985	6.21368517	6.6582523	6.147073	7.2710958	6.843832	4.2142	5.440955	5.887422	5.733458	5.958408	2.25134198	3.12259861	6.90138638	7.02779226	4.939408	5.073271	8.6864569	8.7313154	6.8455446	6.9541077	5.44612
SUMO3	0	0	0	5.427098	5.253023	5.417158	5.212589	5.1237632	5.0109873	0	0	0	5.7750903	5.9591316	5.9834271	6.640102	6.505373	6.4362247	2.468347	2.699707	0.0676408	6.333946	6.459665	6.21928	6.501092	6.0370692	5.9791223	5.726094	5.463428	6.821994	6.513413	7.2800192	6.05874669	6.2923279	6.240648	6.1123594	6.516685	6.80007	7.250355	7.19991	6.006036	6.001181	7.32656103	7.14016703	6.90138638	6.93808232	4.677194	4.309039	6.3966849	6.3389161	6.7216111	7.1374494	5.904865
S100A13	0	0.70478831	0.72729105	4.014558	3.5365	3.782194	5.733458	5.8320759	5.7955303	6.331294	6.378539	6.392501	5.9861213	5.4944227	6.3362485	3.635162	3.211735	2.6917269	0	0	0.0676408	4.638306	4.768603	6.663887	6.793737	7.3285457	7.2310343	6.01058	5.783694	7.401238	7.330844	6.73145485	4.9582846	7.540816	6.659151	7.290003	0	7.260049	6.010999	5.962315	7.834871	7.849847	3.62614219	4.58501457	7.22834509	7.12145154	7.582196	7.804167	5.8750424	5.94488	6.7216111	6.5027767	7.824624
PI4KB	0	0	0	0	0	0	4.954817	4.9908536	5.2239377	0	0	0	6.567864	6.1100278	6.1936455	0	0.8057363	1.1025036	4.424144	3.717588	0.0676408	0	0	2.714741	0	3.8924258	4.8047191	6.08065	6.118568	6.036977	6.173619	5.24813456	6.40626236	5.9092475	0	4.2265742	0	5.839236	6.050593	5.9905	6.562084	6.510249	6.84323148	6.78100609	5.76147446	5.96502803	5.697172	5.628327	3.8441201	3.8491798	4.9363394	5.4768007	6.565034
TBCA	0.4731475	0.03773585	0.10858278	3.950223	3.5365	3.813647	4.954817	5.1732529	5.4339819	2.243557	2.196941	2.147737	4.9496036	4.7002683	5.3031063	6.519947	6.0971337	6.2594749	1.138242	0	0.0676408	0	0	5.558347	5.595655	6.2612073	6.2728397	5.807678	5.947644	5.736307	6.208623	0.03773585	5.9048654	6.8332348	5.602059	6.4682362	6.487768	5.154226	7.39125	7.363713	6.083435	5.920453	5.10863523	5.36665133	5.02339791	5.45629213	5.272918	4.883778	6.9380823	7.0162719	2.9152152	3.7202907	5.545538
PET100	0	0	0	0	0	0	5.016952	5.1237632	4.9580799	5.909062	5.828554	5.947644	0.5810847	1.2079183	1.747612	0	1.0022838	0	0	0	0.0676408	0	0	4.301905	4.368122	5.4527143	5.4221901	1.532917	0	5.831983	6.134343	5.46619661	5.29267121	2.9715179	4.428669	5.3691944	5.513883	6.092679	5.336394	5.465467	5.52807	5.554234	5.00543998	5.36665133	0.03773585	0.03773585	4.071423	4.055236	3.8441201	4.1719291	5.2949143	4.9347328	5.44612
PXMP4	8.4358574	8.93958592	8.77737645	3.950223	3.620325	3.782194	4.954817	4.6315429	4.3834191	5.052937	5.130676	5.322231	2.1688987	1.9998795	2.7147414	3.635162	2.3586978	2.9271323	1.138242	0	0.0676408	4.472808	4.222641	0	0	1.748107	1.9542481	0	0	0.960575	1.056476	0.03773585	6.62287968	0.2296212	0	1.4545371	0	0	0	0	1.993373	0	0.22962123	0	0.03773585	0.03773585	6.241507	6.879638	1.110228	1.5560545	0.5004076	0.5718044	0
UBL5	0	0	0	7.064513	7.178685	7.024217	5.287478	5.3223562	5.0914179	4.334634	4.166261	4.256096	6.1532423	6.3761385	6.5373284	5.704327	5.7112709	5.4818567	0	0	0.0676408	5.530972	2.251342	7.360087	7.310141	7.2820226	7.1364362	5.726094	6.065346	5.933982	5.906758	6.99252397	7.05399906	7.1238741	7.452108	7.290003	7.929868	5.481446	7.275185	7.376639	8.156173	8.084134	2.99735057	4.58501457	6.34944599	6.05139399	6.795965	6.503438	7.2813007	7.1540984	5.8320759	6.5027767	8.014471
PIH1D1	1.825905	0.18084835	0.2107533	0	0	0	0	1.9132129	1.6101491	0	0	0	5.3346859	4.7002683	5.3502728	0	0.6824884	0	5.502966	5.841344	0.0676408	0	0	5.485443	5.138069	3.6366035	2.3275219	5.360569	5.278246	5.736307	5.086966	5.05797818	5.68521298	3.672955	5.322356	2.3910734	0	5.914592	3.603386	3.790978	5.1824	5.160345	4.48236563	3.73709111	0.03773585	0.03773585	3.5365	4.055236	3.6261422	2.6267603	4.9363394	5.0093279	5.095458
SMIM19	5.0828365	0.70478831	1.2294424	0	0	0	4.954817	4.3118498	5.2429569	0	0	0	4.7753575	4.3086835	3.9719861	4.018269	3.9552025	4.8139206	0	0	0.0676408	0	0	5.619939	5.1824	6.0370692	6.1374792	5.22919	5.162128	3.761411	4.883456	0.03773585	5.29267121	3.9235957	5.479573	5.8667802	4.014076	4.776659	5.203354	5.322105	5.157999	5.322356	0.12745071	0.81574605	5.53113831	5.68081429	4.939408	5.976392	4.146548	4.6828717	4.6952751	4.6952751	5.162826
TRAK1	6.2192804	6.67273539	7.44722766	4.964598	5.01421	5.002028	2.606361	3.2190664	3.2614412	3.925912	2.529106	3.647807	4.0022041	3.538951	5.1318344	5.441934	5.8656244	5.9365888	7.66988	8.57912	6.2284799	5.965287	3.865356	0	0	3.8924258	3.7746736	1.319057	1.532917	3.661727	3.977721	0.03773585	0.01886792	4.5621951	0	3.4516526	6.820266	4.674478	0	0	1.235517	0	2.5410376	1.16757964	0.03773585	0.03773585	0	0	5.44347	5.8016124	6.4190269	6.3854021	0
TMEM115	0	0.03773585	0.03773585	0	0	0	2.202104	1.1600338	3.0713036	0	0	0	4.0022041	4.6168583	3.9719861	0	0	0	0	0	0.0676408	0	0	6.367723	6.180014	2.8871012	3.5677518	0	0	2.927468	2.844332	4.89171942	0.01886792	5.2265939	6.167458	2.529106	3.198765	4.2142	6.101912	5.531787	4.259748	4.523741	5.10863523	4.03188434	0.03773585	0.03773585	6.241507	6.287561	2.051285	2.1467472	0.5004076	0.8213981	4.563263
PRELID1	1.825905	0.03773585	2.76117257	0	0	0	6.001269	6.4740376	6.6113624	7.285713	7.392385	7.355175	5.3791694	5.8041418	4.9655336	5.062841	5.1853203	5.1669485	0	0	0.0676408	6.420324	6.909667	6.769537	6.712832	6.6078531	6.5344017	6.935552	6.734421	6.70766	6.752145	5.09246445	6.18877323	6.1142219	6.614145	6.4970649	5.855315	6.731626	7.000943	6.965581	7.570534	7.496303	6.57344549	6.49750918	7.4847947	7.43942992	6.795965	5.628327	5.6530697	5.4909768	6.6134276	6.466391	7.51283
JMJD8	0	1.18547529	0.03773585	5.12701	5.303671	5.279975	2.606361	3.2190664	2.5283601	2.78566	2.529106	2.529106	4.4271478	4.6168583	5.3031063	0	0	0	1.138242	0	0.0676408	0	0	6.911564	6.94947	5.7955303	5.4221901	4.713855	4.927033	5.761474	5.812886	4.92743969	6.78618549	5.7127797	7.049908	5.1086352	5.881191	5.914592	6.59227	6.307396	4.027389	4.255674	5.86274939	5.85232134	0.03773585	0.03773585	6.680616	5.628327	4.1071447	3.6438913	0.5004076	0	4.936339
MTDH	0	0.03773585	0.03773585	4.6622	4.683597	4.388555	5.321783	5.3376401	5.0914179	2.659339	3.311669	2.554852	6.7408494	6.6141451	6.6845048	6.081923	6.7123106	5.4818567	0	0	0.0676408	0	0	5.847762	5.873294	6.7307872	6.6293484	6.94947	7.078688	5.761474	5.7052	5.76003439	0.01886792	5.3697798	6.316162	6.6988679	3.853816	6.23929	5.542947	5.531787	5.962315	5.884915	7.77148018	8.59321098	4.9170993	5.37551539	6.740849	6.879638	7.3089694	7.1437316	7.3224659	7.2755342	5.855891
SDHAF4	0	0	0	0	0	0	1.229442	2.2266143	1.6101491	0	0	0	4.2875813	1.5329175	1.9263258	0	0	0	0	0	0.0676408	0	0	0	0	4.1791188	4.0699517	0	0	5.294656	5.467292	0.03773585	0.01886792	2.9715179	0	3.9246965	0	5.481446	5.912062	5.49413	5.425435	5.729829	0	0	5.12065693	4.64335875	6.321793	6.570524	3.8441201	4.5237409	2.2163093	2.9251106	5.677305
SULF1	5.7352318	5.44700655	5.9048654	5.015404	5.023594	5.04315	5.287478	5.253023	5.0109873	5.149932	4.712962	4.986879	4.6744785	5.6698784	5.2236295	0	0	0	9.070665	9.16456	0.0676408	0	0	0	0	0.4542795	0.7047883	0	0	0	0	0.03773585	5.1698468	3.9894226	0	0.7047883	0	0	5.777907	5.549441	2.322208	3.379409	0.63692161	0.10858278	0.03773585	0.03773585	0	0	1.7576042	1.5560545	0	0	3.23856
C19orf43	0	0	0	5.304033	5.850238	5.529192	6.336987	6.8466479	6.461207	3.198765	4.253629	4.053176	6.3604283	6.6386102	6.4539363	5.997554	6.2820746	6.2594749	0	0	6.5916357	2.007119	0	6.840412	6.907751	6.6216767	6.5939039	6.276942	6.340281	7.582196	7.688941	8.03828914	7.44722766	7.1715591	6.905765	6.6078531	5.226594	7.74477	7.901699	7.832045	7.287102	7.319822	6.54132458	6.31640643	5.29478526	5.53762438	4.677194	5.628327	6.229805	6.4429918	5.2290189	5.3221053	7.329695
NDUFAF3	0	0	0	5.465044	5.546815	5.7144	2.202104	2.655444	3.2614412	0	0	0	5.0154037	4.7002683	5.1818158	6.782988	7.1742704	7.1512356	1.820617	0	0.0676408	0	2.251342	6.308568	6.303784	5.7955303	5.9317891	6.349446	6.276066	6.91313	6.620879	0.03773585	6.84498888	6.2186322	6.190716	5.6698784	2.900996	7.026957	5.365698	3.967539	6.641439	6.348849	4.21488897	4.58501457	5.0656411	4.76964357	5.272918	4.309039	6.4320382	6.4837909	5.6747569	5.4259685	6.405492
SYNE2	8.726945	8.38583283	9.88019646	4.461582	4.888095	4.89204	5.357333	5.3036714	5.2057034	4.830605	4.948652	4.534552	5.4270976	5.8670334	5.3872592	6.147073	6.5688602	6.4837909	7.496303	8.020408	6.3159485	8.567699	8.667615	0	0	4.3145642	4.3711897	4.37119	3.918693	2.216309	2.4565	0.03773585	0.01886792	6.0108439	0	4.6780349	4.577453	0	3.567752	3.803291	0	0	8.48749005	8.54827892	0.03773585	0.03773585	4.939408	5.786813	4.2828699	4.8692845	7.5085905	7.9052646	0
TSPAN17	0.4731475	4.93916666	0.72729105	0	0	0	2.202104	2.2266143	1.1615055	3.626142	3.96937	3.852637	3.6899406	2.2435569	1.0022838	0	0	0	0	0	0.0676408	0	0	6.060014	6.114886	1.1558377	1.1675796	3.830917	2.925111	5.652682	5.467292	0.03773585	5.01540372	2.4569067	5.887046	2.2322663	0	5.391651	5.188555	4.806006	5.542511	5.525197	5.00543998	4.03188434	0.03773585	0.03773585	5.913886	5.229699	1.7576042	1.955804	6.0728753	5.9163188	5.44612
SAA2	1.825905	0.70478831	0.72729105	0	0	0	6.129654	6.2177607	6.3669171	0	0	0	1.6407758	2.2435569	1.4584526	4.894898	5.9278913	5.3959342	0	0	0.0676408	7.985223	8.040389	7.544567	7.429921	2.7129846	3.4842074	8.142175	8.129848	6.470697	6.583902	6.85325727	7.42115024	3.7869141	7.374748	2.7856595	9.449904	6.60913	6.301721	6.261207	8.164113	7.995792	0.12745071	1.16757964	5.54251104	5.68081429	7.748571	7.410939	6.6346357	6.8271236	2.2163093	4.2265742	7.935388
CDV3	1.825905	0.70478831	0.72729105	6.662622	6.569915	6.502777	3.907239	4.0696459	4.1709392	6.643262	6.383809	6.196074	7.0353127	7.01786	7.211142	7.11163	7.3637127	7.3666755	0	1.358909	0.0676408	2.007119	0	6.890985	6.819389	7.1640996	7.0793047	7.472262	7.434476	7.762738	7.993627	7.39351989	7.41413611	6.4982001	6.746033	7.1384625	4.014076	8.051215	6.870382	6.939953	6.274269	6.338916	7.86671035	8.14755084	7.71480865	7.89987064	5.997708	5.976392	7.1176144	7.1286975	5.8320759	6.0733458	6.210714
WSB2	0	0.03773585	0.03773585	0	0	0	4.885334	5.1732529	5.4034722	5.206767	5.189556	5.152291	5.3791694	6.2392899	6.2906482	0	2.0612947	3.5364998	0	0	0.0676408	0	0	6.663887	6.072307	5.8849145	6.0252975	6.356089	6.329422	7.205034	7.257494	5.58652932	4.30868349	4.8161554	6.381329	6.1260885	0	7.026957	6.989832	6.894351	5.097029	5.183237	5.00543998	5.52663562	0.03773585	0.03773585	5.818145	5.229699	5.4670776	5.2804657	5.5245972	4.9347328	5.473136
SIN3A	6.6404248	3.90845493	4.87896665	3.873847	3.382816	3.711979	7.300469	7.0698125	7.218732	5.395203	5.387948	5.455197	3.6899406	1.7944826	3.8457704	6.640102	5.8656244	5.9839174	6.786655	7.164706	7.1278482	2.007119	0	5.729148	5.552722	2.3038123	1.8874725	3.971094	3.963055	2.216309	1.056476	0.03773585	0.01886792	4.270029	5.887046	2.3910734	0	0	0	3.454859	4.301905	2.455327	4.21488897	6.27461695	0.03773585	0.03773585	0	0	3.2652372	4.0527024	0.5004076	0.8213981	2.562291
HIVEP1	7.7093994	7.27518511	8.28909365	5.12701	4.707779	4.962586	0	1.637141	0.8422833	4.424144	4.166261	3.949973	1.1065605	0.4274116	1.1600338	6.213355	6.0117682	6.1456316	5.221715	5.281526	0.0676408	3.18975	3.391679	0	0	1.1258898	0.815746	0	0	0	1.056476	0.03773585	0.01886792	0.5082385	0	0.8025302	0	0	5.646735	5.820782	0	0	5.86274939	5.1895562	0.03773585	0.03773585	0	0	2.3776963	3.3404825	0.8003514	0.8213981	0
DTYMK	0	0	0	0	0	0	4.265468	4.6621999	4.9296585	2.971072	3.569952	3.323369	2.3302015	0.815746	2.529106	0	0	0	0	0	0.0676408	0	0	6.198866	6.072307	3.1123943	2.8406058	4.700486	3.009028	5.71278	5.831637	0.03773585	4.77510314	0	6.335909	2.3284003	5.115783	5.35162	0	0	6.668837	6.608348	0.90076512	1.74810701	6.04108684	6.07287527	5.117575	4.63529	3.0891864	3.0951766	1.890065	3.3945214	6.478888
TMEM160	0	0	0	0	0	0	3.095177	1.9132129	2.8499542	0	0	0	4.8721265	3.538951	3.9719861	3.635162	4.9240783	4.6984835	0	0	0.0676408	0	0	0	0	4.3894968	3.5677518	5.391892	5.10099	6.175303	4.986879	4.96553358	4.99016459	1.269074	0	3.9246965	5.07541	5.953778	6.553305	6.131321	5.262564	5.492699	4.48236563	3.73709111	5.0656411	4.96241495	5.272918	4.309039	4.0284569	4.0527024	0	0	5.881424
UTP18	0.4731475	1.18547529	1.2294424	0	0	0	2.202104	0.8213981	0.8422833	0	0	0	2.5110516	2.3860773	3.6438913	0	0	0	0	0	6.3715671	0	2.251342	2.781299	2.901685	5.0550858	5.0151094	2.303812	2.54185	0.960575	1.056476	0.03773585	0.01886792	4.3924242	3.089186	4.9780491	0	0	6.259256	6.171381	5.810598	5.646928	5.86274939	6.45577065	0.03773585	0.03773585	5.818145	5.073271	5.0854635	5.4909768	4.6952751	5.1415181	5.587793
POLR2J	0	0	0	0	0	0	6.097195	6.3394308	5.9367027	3.198765	2.860763	3.905387	4.0022041	4.8205378	2.2163093	0	0	0	0	0	0.0676408	0	0	4.064234	3.185077	4.8514832	4.7077794	4.838217	4.818999	6.570524	6.387819	0.03773585	6.22980499	5.3697798	3.84918	5.2705532	6.010212	6.205157	4.13453	4.293711	6.190716	6.366534	5.47419023	5.1895562	0.03773585	0.03773585	6.93522	6.213685	5.5098402	5.5569159	1.2863402	0	6.104351
MRAP	0	0	0	6.973682	6.85467	7.049908	3.907239	4.2987295	4.1260315	0	0	0	5.9620685	5.9016492	5.9284476	2.175654	4.2967187	2.1350053	0	0	0.0676408	0	0	5.79553	5.110992	6.0740722	6.1936455	6.164595	6.198866	5.294656	5.188555	7.0140066	6.30213683	5.4728296	5.100367	6.2816002	7.778439	5.210454	5.493659	5.962315	6.471384	6.466391	0.07867783	0	4.95481704	4.91524628	6.478	7.16739	5.3226441	5.3820458	4.2132121	3.9151655	6.376911
CD82	7.7093994	8.80160704	7.55738224	0	3.23856	0	6.068789	6.2992201	5.9479458	2.175654	2.044004	2.175654	4.1544102	3.538951	3.6438913	0	0.8057363	0.6383556	5.920168	6.592489	5.5873308	6.471774	7.764773	0	0	2.7875376	3.917534	3.193416	2.851282	0.960575	0	0.03773585	0.01886792	3.672955	0	2.7856595	0	0	0	0	0	0	5.39242405	5.92982005	0.03773585	0.03773585	0	0	2.3776963	1.6556162	2.3800648	2.3713345	0
EIF2D	0	0	0	0	0	0	5.074468	4.3118498	5.0914179	2.217607	2.30465	2.251342	5.2874777	5.4944227	5.7974083	2.885117	2.9251106	2.1350053	0	0	0.0676408	2.007119	0	6.323589	6.31665	5.1867418	4.9708261	5.765595	5.888723	6.189945	6.398248	5.19764302	0.01886792	4.6494071	6.217761	4.9780491	5.959391	6.466391	6.361715	6.15488	5.610475	5.160345	4.48236563	4.03188434	0.03773585	0.03773585	4.37119	4.309039	1.7576042	1.7059241	4.3799168	4.9347328	5.44612
DNPH1	0	0	0	5.681512	5.724339	5.363752	2.606361	2.2266143	1.1615055	2.659339	2.488939	2.614197	0	0.4274116	0.5718044	0	0	0	0	0	0.0676408	0	0	6.88564	6.658641	5.1867418	5.0517906	4.516772	4.677194	4.20241	4.301905	0.03773585	5.81759461	3.5364998	6.921461	4.4829988	4.906396	4.053626	0	0	6.071798	6.348849	0	0	4.43551292	0.03773585	5.272918	5.229699	3.796542	3.8491798	3.7091113	4.6952751	6.2816
CCNC	1.825905	5.44700655	3.84152571	0	0	0	2.202104	4.6977735	3.9625779	0	0	0	2.3302015	2.2435569	1.0022838	0	0	0.7766757	0	0	6.5916357	2.007119	2.251342	6.259475	6.100683	6.4165856	6.2611031	5.136879	4.959985	5.00887	4.883456	7.86908615	0.01886792	5.3697798	5.787006	6.2930603	5.262142	4.958285	0	0	6.330805	6.503438	5.92016768	2.22661425	5.50678267	0.03773585	0	0	6.0728753	6.168056	5.7417394	5.2634175	6.35059
CKS1B	0	0.03773585	1.2294424	5.502966	5.237979	5.529192	2.606361	2.529106	2.3563885	0	0	0	2.3302015	3.538951	5.0272265	2.885117	1.8748676	1.2079183	4.258262	5.281526	0.0676408	0	0	5.510244	6.072307	5.8502378	5.8285541	0	0	5.933982	5.906758	0.03773585	0.01886792	5.9479458	5.858306	6.1123594	5.728778	5.760754	5.581	5.915299	4.107145	4.523741	4.48236563	3.73709111	4.95481704	5.31912284	6.163379	5.786813	5.8750424	5.5837079	5.9588723	5.7088206	4.746622
OBSCN	9.6236213	9.23765236	9.14171601	4.6622	4.220159	3.950779	0	0	0	0	0	0	4.7753575	5.2477833	4.9655336	0	4.7209338	2.3713345	6.760324	5.908157	0.0676408	7.016105	6.752145	0	0	0	0	0	0	0.960575	2.239084	0.03773585	4.69023992	0.9453419	0	0	0	0	0	0	0	0	5.7955303	5.1895562	0.03773585	0.03773585	0	0	0	0	1.890065	1.1390675	0
NAA38	0	0	0	0	3.416127	0	3.84412	3.3861183	3.8878628	5.539433	5.552462	5.485443	4.4271478	4.6168583	4.6187728	1.824695	2.529106	2.3713345	0	0	0.0676408	0	0	6.565911	6.479604	6.5392177	6.481009	5.656081	5.652785	5.901649	5.395934	5.17304821	0.01886792	6.4304973	6.717111	6.4682362	4.577453	5.027807	6.501092	6.396187	7.632327	7.389889	0	0	5.44885821	5.53762438	0	0	6.5556143	6.4786676	5.6747569	5.9571448	7.351842
IFT20	0	1.18547529	0	5.091418	5.206206	5.295919	0	0.6031587	0.6141958	0	0	0	3.4009337	2.2435569	2.3527176	0	0	0	0	0	0.0676408	0	0	6.294186	6.501092	5.2443444	5.2762171	2.62676	4.023655	6.523399	6.593047	0.03773585	0.01886792	0.2296212	6.67702	5.3921329	5.810234	6.539218	0	0	5.350273	5.729829	0	0	5.40116382	5.55388706	5.524509	5.485443	5.0142099	4.5850146	1.2863402	1.4013536	5.322356
TCTN3	0	0	0	0	0	0	2.202104	0.6031587	0.8422833	0	0	0	0.7047883	0.4274116	0.6824884	0	0	0	6.015251	0	0.0676408	2.007119	0	0	0	2.8871012	4.2875813	4.309039	4.394374	4.672558	5.015109	5.29987647	0.01886792	3.672955	0	3.0031893	6.083664	4.37119	6.874511	7.069317	5.993972	6.191184	2.5410376	5.85232134	0.03773585	0.03773585	0	0	2.8851172	3.9864145	0	0	6.087083
GTF2A2	0.4731475	0.18084835	1.2294424	0	0	0	1.229442	0.6031587	0.6141958	5.610178	5.370106	5.381229	1.6407758	1.2079183	2.529106	2.885117	2.0612947	2.1350053	0	0	0.0676408	0	0	5.830419	5.817595	5.2538565	5.2917687	3.574792	3.786914	5.530796	5.7052	6.66840413	0.01886792	5.0914179	5.787006	5.1086352	5.881191	5.35162	6.386005	6.577809	0	0	0.07867783	1.16757964	4.50308426	0.03773585	6.083664	5.976392	4.4324804	5.117972	2.6167909	4.3924242	0
CDC42BPA	9.2233794	9.40540739	8.77737645	4.846651	4.776266	4.28287	5.016952	5.2925174	5.0679313	3.757982	3.6801	3.323369	5.0828365	4.4823656	5.2641484	7.180127	6.9777063	6.8232915	5.840864	5.841344	6.5285422	6.650836	7.053999	0	0	5.5157141	5.5865293	2.303812	2.721561	2.561693	2.78566	6.23461056	0.01886792	6.176955	0	5.5047864	4.990854	4.2142	3.757982	0	0	0	5.30367141	6.1313212	0.03773585	0.03773585	5.818145	6.213685	4.2226409	4.2582616	5.2949143	5.8802303	0
ATP6V1D	0.4731475	0.03773585	0.03773585	0	0	0	3.84412	2.529106	2.3563885	5.052937	4.523741	4.962757	5.6096489	4.7002683	4.3297489	4.894898	4.2967187	4.8139206	0	0	0.0676408	0	2.251342	6.060014	6.464244	6.1094661	5.9849569	6.663336	6.793737	5.108635	5.467292	5.43173082	5.36748292	4.2031166	6.109743	6.0809604	5.959391	5.953778	0	0	5.037671	5.420767	1.82590498	4.58501457	6.41721852	6.4377451	5.818145	6.757583	5.2934997	5.2438887	1.2863402	1.1390675	5.019423
ELOVL6	0.4731475	0.07867783	0.10858278	0	0	0	0	0	0	4.000876	3.569952	3.323369	2.1688987	1.7944826	2.7147414	0	0	0	1.138242	0	0.0676408	4.811892	4.994236	6.642217	6.730119	4.544395	4.8351464	5.360569	5.07541	0.960575	0	0.03773585	0.01886792	6.9987037	6.729113	4.7129622	0	0	6.46254	6.45746	3.981986	4.096489	5.30367141	4.78656124	0.03773585	0.03773585	5.997708	5.976392	5.097342	5.3147848	3.9099267	3.9151655	4.563263
SBDS	0	0	0	6.947602	6.85467	7.035313	3.907239	4.0022041	4.0593012	0	0	1.955804	6.6765426	6.7991505	6.9200139	6.081923	5.5877931	5.8877986	7.339473	7.811119	0.0676408	2.007119	0	6.541947	6.612773	7.2407788	7.2429343	6.858079	6.877992	7.046985	7.222074	7.22604055	7.06685605	6.2923279	6.356925	7.2857127	6.703868	7.193414	6.835968	6.726778	6.131321	6.191184	2.25134198	4.58501457	5.81583801	6.08884362	5.117575	5.884401	7.7726684	7.9081873	7.3675549	7.2755342	6.072875
DOCK9	5.7352318	5.97584166	7.18062991	6.824158	6.530548	6.788343	6.068789	6.2824822	6.2630907	4.334634	4.388382	4.712556	5.0828365	5.2477833	4.6187728	2.430579	4.415741	5.1669485	2.604038	2.604344	6.8755526	5.818145	6.498447	0	0	3.8924258	3.917534	1.911034	1.841454	4.94414	5.256189	0.03773585	6.39402963	5.6248982	0	4.0696459	5.226594	5.760754	0	0	0	0	5.47419023	6.31640643	0.03773585	4.55267869	0	0	5.0212474	5.0836934	4.2132121	4.2265742	0
MGAM	8.4358574	9.16041254	8.42001643	5.465044	5.29135	5.058912	4.885334	4.6022779	4.9809255	7.262932	7.258772	7.296465	3.0219432	0.815746	1.4584526	2.175654	4.7209338	4.6984835	5.502966	4.873324	0.0676408	0	0	0	0	2.3768587	1.4837226	2.113022	3.255398	1.794483	1.056476	0.03773585	0.01886792	0	0	2.6277877	4.096489	0	0	0	0	0	1.2850739	3.73709111	0.03773585	0.03773585	4.37119	4.055236	4.1709392	3.5787887	6.5264506	6.466391	0
RPPH1	0	0.07867783	0	6.694839	6.814158	6.464244	4.954817	5.377636	4.9809255	5.320804	5.203354	4.209827	8.0538536	8.2783143	8.1836349	9.968137	10.050984	9.8385049	0	0	6.7250636	2.351839	2.851282	10.024503	9.692936	5.0749814	4.5617217	5.333401	5.33764	8.613393	8.318509	7.76273817	7.93203265	13.5958929	9.774402	4.7129622	5.481675	8.448879	8.380448	8.289094	7.504985	7.187652	13.59589286	13.59589286	7.89987064	8.06579157	10.466101	10.138372	7.8591959	7.7390727	10.4661013	10.3010784	7.265698
PDP2	8.726945	6.34070154	9.08264685	4.014558	4.577453	4.931649	5.473733	5.2925174	5.2564007	4.293711	4.657479	4.308861	4.7753575	5.3393634	5.1318344	5.704327	5.2734367	5.8241315	0	0	0.0676408	0	2.604344	5.954779	6.037574	1.5576575	2.4925742	0	0	0.960575	0	0.03773585	0.01886792	4.9011052	6.190716	2.3284003	5.787006	0	0	0	0	0	1.2850739	0.56684151	0.03773585	0.03773585	0	0	3.7446531	3.0951766	3.7091113	2.3713345	0
LAMA5	9.4849594	9.34578642	8.28909365	5.015404	4.521429	4.831393	2.202104	3.2190664	2.3563885	3.445147	4.423472	3.647807	5.0828365	5.9016492	6.1718729	5.441934	5.1853203	5.3959342	6.916904	5.704327	0.0676408	3.590583	4.652205	0	0	4.4267385	3.9630555	2.113022	1.841454	3.053536	3.258542	0.03773585	0.01886792	3.9894226	0	5.0460614	5.787006	2.624743	3.219066	3.454859	0	0	7.37950544	7.30641423	0.03773585	0.03773585	0	0	3.2652372	3.5787887	3.7091113	2.9251106	0
RMRP	1.825905	1.18547529	1.2294424	6.163248	6.217761	6.370858	3.907239	5.3611129	4.6487902	0	0	0	6.3877573	6.7991505	6.8862519	8.426134	8.6053203	8.3166701	0	1.358909	0.0676408	0	0	7.903482	7.893751	5.1867418	4.7077794	4.661524	4.428669	7.582196	7.43943	0.03773585	5.91631884	10.9055869	7.883328	4.4829988	7.08965	7.220515	6.319404	6.411248	5.12701	5.160345	12.03865957	12.12820991	6.29775972	6.54801355	9.692936	9.810187	5.3908252	5.7344054	9.7887817	9.8801965	5.420474
UCHL1	0.4731475	0	0.2107533	6.839549	6.712832	6.8078	4.577453	5.3900456	5.351215	0	0	0	5.0828365	5.3795727	4.6952751	0	0.6824884	0	1.663246	1.815761	0.0676408	0	0	5.283613	4.552067	6.4310033	6.2772393	6.374836	6.569306	7.096208	6.968586	8.23228306	5.14043732	0.7808717	3.84918	6.0988777	6.987659	7.012807	0	0	6.095871	6.10926	1.82590498	2.55485203	7.0805554	7.10253209	4.37119	4.055236	6.1982472	6.1351404	5.7417394	5.4768007	6.265433
LOC101926960	0	0	0	3.873847	4.220159	4.031884	5.421059	5.478949	5.6085449	0	0	0	5.6920623	5.5867252	5.3031063	5.321783	5.0937887	5.1669485	0	0	0.0676408	6.333946	6.039582	6.190716	5.923928	6.6526372	6.5593658	4.862191	4.972307	6.80454	6.946935	5.79529863	7.22338583	7.5861057	6.190716	6.5707917	6.351962	6.74667	7.000943	6.670606	5.215618	4.92946	0.07867783	0	7.92599855	8.11568067	4.677194	5.073271	5.9303588	5.9379054	4.2132121	5.3751619	5.226594
ATP5G2	0	0	0	4.461582	4.308683	4.45393	0	1.637141	1.1615055	6.461488	6.254447	6.374836	3.6899406	4.9043292	5.2236295	5.997554	5.9035406	5.6892579	0	0	0.0676408	0	0	7.139315	7.261795	6.1094661	6.1683359	5.055417	4.608003	4.973262	4.301905	5.46619661	6.77405493	7.7332666	7.087556	6.0686013	6.172495	5.093127	6.707465	6.748956	7.570534	7.653717	6.33031612	5.76754111	5.15799895	5.24879688	5.913886	6.213685	1.0101147	1.0118715	2.2163093	0.5718044	7.527435
FAM65B	5.7352318	4.93916666	3.84152571	5.997392	5.253023	5.864592	6.687093	6.8466479	6.9178221	8.850399	8.759818	8.895434	4.8721265	4.6168583	3.6438913	6.400584	6.4908117	6.4609052	6.649972	5.224387	0.0676408	2.007119	2.851282	0	0	4.0233424	4.2626303	5.888125	6.085761	1.794483	1.056476	5.76003439	0.01886792	0	0	4.3019048	0	0	6.061896	6.008893	4.027389	5.06137	1.2850739	0.56684151	0.03773585	0.03773585	3.835452	4.63529	0	0	7.0841981	7.1801271	4.563263
FAM13B	0.4731475	7.27518511	5.16694852	0	0	0	6.807903	6.8989226	6.8346278	4.293711	4.864127	4.857572	1.6407758	3.1958973	3.0090281	6.338225	6.3654448	6.3073963	5.168327	5.153599	6.8522462	6.893784	6.868983	0	0	4.4267385	4.9708261	5.473587	5.370279	1.794483	2.239084	0.03773585	4.9582846	2.9715179	0	5.1934285	3.853816	0	0	0	0	0	1.82590498	0	0.03773585	0.03773585	0	0	3.3794089	3.9864145	4.2132121	4.2265742	0
GTF3A	0	0	0	7.141996	6.949112	7.19991	7.830374	7.7379583	7.6229957	5.295791	5.292671	5.339363	7.1298826	7.0703082	7.2414823	6.971479	6.7554407	6.7344215	0	0	0.0676408	0	0	7.21312	7.320711	7.3257806	7.2310343	7.284324	7.273776	7.354567	7.657719	7.57128627	7.22338583	6.9337795	7.374748	7.1640996	7.20989	7.655952	7.024217	7.079922	6.348849	6.20195	5.98111501	5.9983129	7.7428981	7.84226194	6.740849	5.786813	6.2141828	6.2353125	7.0967374	6.896385	6.193263
R3HDM4	0	0	0	0	0	0	6.204241	6.424542	6.6615021	8.181524	8.156173	8.139544	4.4271478	5.5311383	5.3502728	3.635162	2.69667	2.2600307	0	0	0.0676408	0	0	6.738212	6.803861	5.785798	5.1951568	6.795087	6.533791	5.972519	6.056452	6.50666518	5.20307877	1.269074	6.766778	5.1422072	5.728778	5.583311	7.018448	6.821093	6.537747	6.287561	4.21488897	0.16198042	7.29379924	7.38988932	4.939408	4.309039	3.6261422	2.5283601	7.2026672	7.0128073	6.326606
S100A1	0	0	0	0	0	0	7.30825	7.3592773	7.3935199	2.200256	2.103742	2.175654	3.8738468	2.8295072	4.9655336	0	0	0	1.886039	2.526757	0.0676408	0	0	6.890985	7.091528	6.9494697	6.8685846	7.019857	7.1305	6.110242	6.431811	0.03773585	4.63244267	7.2310343	6.905765	6.8414902	5.295919	6.625242	6.471579	6.497509	6.981177	7.088646	0	0	5.37957266	5.50614836	0	0	1.0322934	1.110228	1.890065	2.9251106	7.271906
STX10	0	0	0	0	0	0	4.702128	5.2296989	4.5684387	0	0	0	5.3346859	5.5311383	5.426533	0	1.0022838	0	0	0	0.0676408	0	0	0	0	5.333777	4.8880948	5.421203	5.463428	5.864003	5.831637	0.03773585	6.46105608	2.7856595	0	5.0460614	6.054139	6.060423	6.993834	6.876065	6.204811	5.845454	0	0	0.03773585	0.03773585	6.163379	6.503438	1.2973772	1.7870804	5.2949143	5.3221053	5.832076
LYVE1	0	0	0	0	0	0	3.529358	3.7585433	3.0713036	4.503399	4.948652	4.77041	1.880829	1.7944826	0.8057363	5.704327	5.5877931	5.9839174	0	0	0.0676408	0	0	7.351842	7.412251	6.6760658	6.6401021	6.059189	6.25167	1.794483	1.056476	5.58652932	0.01886792	2.044994	7.484795	6.6770195	6.434458	0	4.780574	4.261923	6.083435	5.811894	0	0	0.03773585	0.03773585	6.680616	6.879638	6.853065	6.7937375	6.0728753	6.1123594	6.104351
SCARNA2	0	0	0	3.873847	3.620325	3.782194	1.229442	0.6031587	0.8422833	0	0	0	4.7753575	4.6168583	3.3404825	7.370724	7.6375208	7.7379583	0	0	0.0676408	0	0	5.777907	5.797408	0.2595262	0.4542795	2.82159	2.324584	5.818145	5.592565	0.03773585	5.87727247	9.4735021	5.749535	0	5.513883	6.0249	6.310473	6.31729	4.606737	3.689941	8.81028442	8.95079007	6.06878864	6.16391562	8.31667	8.561426	0	0	7.6247862	7.553458	4.170939
SNCG	0	0	0	7.54771	7.613336	7.563834	4.265468	5.478949	5.1422072	0	0	0	6.0696365	5.7636082	5.460774	5.704327	6.4740376	6.2133551	1.138242	0	5.6469285	2.351839	0	8.08671	7.977143	7.5505628	7.3082504	7.582196	7.476973	6.483986	6.631626	7.65371695	6.62287968	4.9648614	8.090314	7.5668379	5.855315	6.466391	0	0	8.345397	8.289094	0	0	6.84775107	6.73622371	7.034149	6.879638	7.3362064	7.2283451	6.4190269	5.6140108	8.209279
